"day","hour","commits"
0,0,9
0,1,2
0,2,0
0,3,0
0,4,0
0,5,0
0,6,0
0,7,1
0,8,3
0,9,1
0,10,1
0,11,1
0,12,4
0,13,7
0,14,4
0,15,5
0,16,2
0,17,3
0,18,1
0,19,0
0,20,0
0,21,1
0,22,43
0,23,2
1,0,3
1,1,1
1,2,1
1,3,2
1,4,3
1,5,3
1,6,0
1,7,11
1,8,15
1,9,19
1,10,21
1,11,21
1,12,13
1,13,16
1,14,21
1,15,12
1,16,16
1,17,11
1,18,22
1,19,9
1,20,1
1,21,1
1,22,3
1,23,3
2,0,0
2,1,3
2,2,10
2,3,3
2,4,3
2,5,1
2,6,7
2,7,17
2,8,28
2,9,17
2,10,35
2,11,19
2,12,22
2,13,22
2,14,22
2,15,15
2,16,7
2,17,7
2,18,9
2,19,3
2,20,0
2,21,8
2,22,5
2,23,14
3,0,2
3,1,3
3,2,3
3,3,2
3,4,3
3,5,6
3,6,7
3,7,14
3,8,12
3,9,21
3,10,38
3,11,22
3,12,18
3,13,22
3,14,20
3,15,12
3,16,5
3,17,9
3,18,12
3,19,2
3,20,2
3,21,1
3,22,1
3,23,2
4,0,1
4,1,2
4,2,3
4,3,4
4,4,4
4,5,5
4,6,7
4,7,9
4,8,13
4,9,16
4,10,13
4,11,20
4,12,18
4,13,18
4,14,15
4,15,11
4,16,7
4,17,7
4,18,5
4,19,6
4,20,1
4,21,5
4,22,2
4,23,1
5,0,3
5,1,4
5,2,5
5,3,6
5,4,3
5,5,2
5,6,10
5,7,14
5,8,13
5,9,23
5,10,22
5,11,22
5,12,14
5,13,29
5,14,25
5,15,9
5,16,14
5,17,4
5,18,5
5,19,14
5,20,3
5,21,1
5,22,1
5,23,2
6,0,1
6,1,0
6,2,0
6,3,2
6,4,0
6,5,1
6,6,2
6,7,1
6,8,3
6,9,9
6,10,1
6,11,1
6,12,0
6,13,0
6,14,0
6,15,3
6,16,2
6,17,1
6,18,1
6,19,0
6,20,1
6,21,1
6,22,0
6,23,2